"uf";"estado";"regiao";"populacao";"pib_milhoes";"pib_per_capita";"pct_pib_nacional";"pct_populacao_nacional";"num_pdvs";"pct_pdvs_nacional";"ipm";"ranking_potencial";"ano_base_pop";"ano_base_pib";"ano_base_pdvs";"peso_pib";"peso_pop";"peso_pdvs";"atualizado_em"
"AC";"Acre";"Norte";"884372";"26291,00";"29728,440068";"0,0024024645";"0,0041437902";"640";"0,0036015757";"0,3470196347";"26";"2025";"2023";"2021";"0,2000";"0,2000";"0,6000";"26/08/2026 12:32:30"
"AL";"Alagoas";"Nordeste";"3220848";"89689,00";"27846,393248";"0,0081957566";"0,0150915207";"2423";"0,0136353405";"1,2838659735";"21";"2025";"2023";"2021";"0,2000";"0,2000";"0,6000";"26/08/2026 12:32:30"
"AM";"Amazonas";"Norte";"4321616";"161795,00";"37438,541509";"0,0147847834";"0,0202492503";"2641";"0,0148621272";"1,5924083046";"18";"2025";"2023";"2021";"0,2000";"0,2000";"0,6000";"26/08/2026 12:32:30"
"AP";"Amapá";"Norte";"806517";"28020,00";"34741,983120";"0,0025604600";"0,0037789949";"671";"0,0037760270";"0,3533507183";"25";"2025";"2023";"2021";"0,2000";"0,2000";"0,6000";"26/08/2026 12:32:30"
"BA";"Bahia";"Nordeste";"14870907";"430988,00";"28981,957859";"0,0393835670";"0,0696787309";"15247";"0,0858019133";"7,3293607570";"3";"2025";"2023";"2021";"0,2000";"0,2000";"0,6000";"26/08/2026 12:32:30"
"CE";"Ceará";"Nordeste";"9268836";"232239,00";"25055,896986";"0,0212219371";"0,0434298143";"9302";"0,0523466517";"4,4338341263";"7";"2025";"2023";"2021";"0,2000";"0,2000";"0,6000";"26/08/2026 12:32:30"
"DF";"Distrito Federal";"Centro-Oeste";"2996899";"365669,00";"122015,790322";"0,0334147344";"0,0140421912";"2231";"0,0125548678";"1,7024305765";"17";"2025";"2023";"2021";"0,2000";"0,2000";"0,6000";"26/08/2026 12:32:30"
"ES";"Espírito Santo";"Sudeste";"4126854";"209830,00";"50845,026260";"0,0191742087";"0,0193366786";"2932";"0,0164997186";"1,7602008636";"16";"2025";"2023";"2021";"0,2000";"0,2000";"0,6000";"26/08/2026 12:32:30"
"GO";"Goiás";"Centro-Oeste";"7423629";"336747,00";"45361,507155";"0,0307718499";"0,0347839609";"7889";"0,0443950478";"3,9748190845";"9";"2025";"2023";"2021";"0,2000";"0,2000";"0,6000";"26/08/2026 12:32:30"
"MA";"Maranhão";"Nordeste";"7018211";"149227,00";"21262,826096";"0,0136363229";"0,0328843449";"5362";"0,0301744513";"2,7408804369";"12";"2025";"2023";"2021";"0,2000";"0,2000";"0,6000";"26/08/2026 12:32:30"
"MG";"Minas Gerais";"Sudeste";"21393441";"971978,00";"45433,457853";"0,0888190870";"0,1002405447";"19622";"0,1104220597";"10,4065162123";"2";"2025";"2023";"2021";"0,2000";"0,2000";"0,6000";"26/08/2026 12:32:30"
"MS";"Mato Grosso do Sul";"Centro-Oeste";"2924631";"184402,00";"63051,372977";"0,0168506049";"0,0137035741";"2427";"0,0136578503";"1,4305545995";"20";"2025";"2023";"2021";"0,2000";"0,2000";"0,6000";"26/08/2026 12:32:30"
"MT";"Mato Grosso";"Centro-Oeste";"3893659";"273009,00";"70116,309620";"0,0249474886";"0,0182440262";"3687";"0,0207484524";"2,1087374445";"13";"2025";"2023";"2021";"0,2000";"0,2000";"0,6000";"26/08/2026 12:32:30"
"PA";"Pará";"Norte";"8711196";"254547,00";"29220,671880";"0,0232604361";"0,0408169510";"4393";"0,0247214406";"2,7648341783";"11";"2025";"2023";"2021";"0,2000";"0,2000";"0,6000";"26/08/2026 12:32:30"
"PB";"Paraíba";"Nordeste";"4164468";"96963,00";"23283,406188";"0,0088604527";"0,0195129218";"4034";"0,0227011818";"1,9295383962";"15";"2025";"2023";"2021";"0,2000";"0,2000";"0,6000";"26/08/2026 12:32:30"
"PE";"Pernambuco";"Nordeste";"9562007";"270475,00";"28286,425643";"0,0247159324";"0,0448034886";"5933";"0,0333877321";"3,3936523482";"10";"2025";"2023";"2021";"0,2000";"0,2000";"0,6000";"26/08/2026 12:32:30"
"PI";"Piauí";"Nordeste";"3384547";"80917,00";"23907,778500";"0,0073941736";"0,0158585444";"4800";"0,0270118177";"2,0857634209";"14";"2025";"2023";"2021";"0,2000";"0,2000";"0,6000";"26/08/2026 12:32:30"
"PR";"Paraná";"Sul";"11890517";"670919,00";"56424,712231";"0,0613083969";"0,0557138938";"11810";"0,0664603264";"6,3280653985";"6";"2025";"2023";"2021";"0,2000";"0,2000";"0,6000";"26/08/2026 12:32:30"
"RJ";"Rio de Janeiro";"Sudeste";"17223547";"1172871,00";"68096,948904";"0,1071766350";"0,0807021990";"8081";"0,0454755205";"6,4861079127";"5";"2025";"2023";"2021";"0,2000";"0,2000";"0,6000";"26/08/2026 12:32:30"
"RN";"Rio Grande do Norte";"Nordeste";"3455236";"101740,00";"29445,166698";"0,0092969737";"0,0161897630";"3017";"0,0169780529";"1,5284179072";"19";"2025";"2023";"2021";"0,2000";"0,2000";"0,6000";"26/08/2026 12:32:30"
"RO";"Rondônia";"Norte";"1751950";"76456,00";"43640,514855";"0,0069865286";"0,0082088909";"1494";"0,0084074282";"0,8083540845";"23";"2025";"2023";"2021";"0,2000";"0,2000";"0,6000";"26/08/2026 12:32:30"
"RR";"Roraima";"Norte";"738772";"25125,00";"34009,139491";"0,0022959157";"0,0034615707";"464";"0,0026111424";"0,2718182699";"27";"2025";"2023";"2021";"0,2000";"0,2000";"0,6000";"26/08/2026 12:32:30"
"RS";"Rio Grande do Sul";"Sul";"11233263";"650107,00";"57873,389059";"0,0594066020";"0,0526342818";"14478";"0,0814743950";"7,1292813779";"4";"2025";"2023";"2021";"0,2000";"0,2000";"0,6000";"26/08/2026 12:32:30"
"SC";"Santa Catarina";"Sul";"8187029";"513393,00";"62708,095941";"0,0469137136";"0,0383609278";"7533";"0,0423916714";"4,2489931101";"8";"2025";"2023";"2021";"0,2000";"0,2000";"0,6000";"26/08/2026 12:32:30"
"SE";"Sergipe";"Nordeste";"2299425";"60817,00";"26448,786110";"0,0055574410";"0,0107741253";"1424";"0,0080135059";"0,8074416815";"24";"2025";"2023";"2021";"0,2000";"0,2000";"0,6000";"26/08/2026 12:32:30"
"SP";"São Paulo";"Sudeste";"46081801";"3444814,00";"74754,326551";"0,3147861723";"0,2159196752";"33300";"0,1873944851";"21,8577860571";"1";"2025";"2023";"2021";"0,2000";"0,2000";"0,6000";"26/08/2026 12:32:30"
"TO";"Tocantins";"Norte";"1586859";"64318,00";"40531,641438";"0,0058773615";"0,0074353448";"1865";"0,0104952167";"0,8959671248";"22";"2025";"2023";"2021";"0,2000";"0,2000";"0,6000";"26/08/2026 12:32:30"
